Date,Shift,Name,Amount,Training,Sick
1/2/2022,lunch,employee Q,86.32,No,No
1/2/2022,lunch,employee B,61.66,No,No
1/2/2022,dinner,employee Q,98.69,No,No
1/2/2022,dinner,employee C,87.73,No,No
1/3/2022,lunch,employee Q,152.05,No,No
1/3/2022,dinner,employee Q,79.13,No,No
1/3/2022,dinner,employee B,79.13,No,No
1/3/2022,dinner,employee E,52.76,No,No
1/4/2022,lunch,employee J,93.68,No,No
1/4/2022,dinner,employee J,27.89,No,No
1/4/2022,dinner,employee C,18.60,No,No
1/5/2022,lunch,employee Q,91.49,No,No
1/5/2022,lunch,employee C,10.17,No,No
1/5/2022,dinner,employee J,53.30,No,No
1/5/2022,dinner,employee C,47.38,No,No
1/5/2022,lunch,employee J,117.72,No,No
1/6/2022,dinner,employee J,64.70,No,No
1/6/2022,dinner,employee E,64.70,No,No
1/7/2022,lunch,employee Q,91.66,No,No
1/7/2022,dinner,employee J,100.47,No,No
1/7/2022,dinner,employee C,100.47,No,No
1/7/2022,dinner,employee B,100.47,No,No
1/8/2022,lunch,employee Q,141.65,No,No
1/8/2022,lunch,employee B,101.20,No,No
1/8/2022,dinner,employee Q,80.09,No,No
1/8/2022,dinner,employee B,80.09,No,No
1/8/2022,dinner,employee E,80.09,No,No
1/9/2022,lunch,employee J,122.32,No,No
1/9/2022,lunch,employee B,78.64,No,No
1/9/2022,lunch,employee E,78.64,No,No
1/9/2022,dinner,employee B,22.79,No,No
1/9/2022,dinner,employee E,68.38,No,No
1/9/2022,dinner,employee Q,68.38,No,No
1/10/2022,lunch,employee F,44.90,No,No
1/10/2022,dinner,employee J,70.15,No,No
1/10/2022,dinner,employee E,70.15,No,No
1/11/2022,lunch,employee J,82.55,No,No
1/11/2022,dinner,employee Q,21.77,No,No
1/11/2022,dinner,employee C,14.51,No,No
1/12/2022,lunch,employee Q,76.00,No,No
1/12/2022,dinner,employee J,81.87,No,No
1/12/2022,dinner,employee C,81.87,No,No
1/13/2022,lunch,employee J,88.32,No,No
1/13/2022,dinner,employee J,44.40,No,No
1/13/2022,dinner,employee B,34.53,No,No
1/13/2022,dinner,employee E,19.73,No,No
1/14/2022,lunch,employee Q,106.33,No,No
1/14/2022,dinner,employee Q,70.01,No,No
1/14/2022,dinner,employee F,70.01,No,No
1/14/2022,dinner,employee B,70.01,No,No
1/15/2022,lunch,employee Q,156.96,No,No
1/15/2022,lunch,employee B,112.11,No,No
1/15/2022,dinner,employee Q,16.60,No,No
1/15/2022,dinner,employee B,16.60,No,No
1/15/2022,dinner,employee F,45.65,No,No
1/15/2022,dinner,employee C,24.90,No,No
1/16/2022,lunch,employee J,76.56,No,No
1/16/2022,lunch,employee B,63.80,No,No
1/16/2022,lunch,employee F,63.80,No,No
1/16/2022,dinner,employee B,110.72,No,No
1/16/2022,dinner,employee F,110.72,No,No
1/17/2022,lunch,employee C,129.08,No,No
1/17/2022,lunch,employee F,90.36,No,No
1/17/2022,dinner,employee J,86.53,No,No
1/17/2022,dinner,employee C,86.53,No,No
1/18/2022,lunch,employee Q,52.83,No,No
1/18/2022,dinner,employee Q,29.92,No,No
1/18/2022,dinner,employee K,0.00,Yes,No
1/18/2022,dinner,employee C,9.97,No,No
1/19/2022,lunch,employee J,86.96,No,No
1/19/2022,dinner,employee J,91.90,No,No
1/19/2022,dinner,employee E,61.27,No,No
1/20/2022,lunch,employee Q,64.54,No,No
1/20/2022,lunch,employee D,0.00,Yes,No
1/20/2022,dinner,employee Q,74.04,No,No
1/20/2022,dinner,employee E,41.13,No,No
1/21/2022,lunch,employee Q,45.19,No,No
1/21/2022,lunch,employee D,0.00,Yes,No
1/21/2022,dinner,employee Q,84.74,No,No
1/21/2022,dinner,employee B,75.32,No,No
1/21/2022,dinner,employee K,0.00,Yes,No
1/22/2022,lunch,employee Q,65.56,No,No
1/22/2022,lunch,employee B,50.45,No,No
1/22/2022,lunch,employee K,50.45,No,No
1/22/2022,dinner,employee B,118.85,No,No
1/22/2022,dinner,employee E,118.85,No,No
1/22/2022,dinner,employee J,79.23,No,No
1/23/2022,lunch,employee J,114.46,No,No
1/23/2022,lunch,employee D,114.46,No,No
1/24/2022,lunch,employee Q,89.89,No,No
1/24/2022,dinner,employee Q,63.91,No,No
1/24/2022,dinner,employee D,56.81,No,No
1/24/2022,dinner,employee E,21.31,No,No
1/25/2022,lunch,employee J,39.57,No,No
1/25/2022,dinner,employee Q,56.85,No,No
1/25/2022,dinner,employee C,34.74,No,No
1/25/2022,dinner,employee I,0.00,Yes,No
1/26/2022,lunch,employee J,56.71,No,No
1/26/2022,dinner,employee J,75.14,No,No
1/26/2022,dinner,employee C,58.44,No,No
1/26/2022,dinner,employee I,0.00,Yes,No
1/27/2022,lunch,employee J,103.68,No,No
1/27/2022,dinner,employee Q,57.74,No,No
1/27/2022,dinner,employee D,44.91,No,No
1/27/2022,dinner,employee E,35.28,No,No
1/28/2022,lunch,employee Q,66.25,No,No
1/28/2022,dinner,employee J,59.63,No,No
1/28/2022,dinner,employee B,59.63,No,No
1/28/2022,dinner,employee E,46.37,No,No
1/29/2022,lunch,employee Q,133.81,No,No
1/29/2022,lunch,employee B,102.95,No,No
1/29/2022,dinner,employee B,50.87,No,No
1/29/2022,dinner,employee K,65.40,No,No
1/29/2022,dinner,employee J,58.14,No,No
1/30/2022,lunch,employee Q,33.92,No,No
1/30/2022,lunch,employee K,62.19,No,No
1/30/2022,lunch,employee J,33.92,No,No
1/30/2022,lunch,employee B,22.61,No,No
1/30/2022,dinner,employee J,13.12,No,No
1/30/2022,dinner,employee D,59.04,No,No
1/30/2022,dinner,employee B,59.04,No,No
1/30/2022,dinner,employee E,13.12,No,No
1/31/2022,lunch,employee J,76.58,No,No
1/31/2022,dinner,employee J,24.52,No,No
1/31/2022,dinner,employee K,19.07,No,No
1/31/2022,dinner,employee I,19.07,No,No
2/1/2022,lunch,employee J,110.14,No,No
2/1/2022,dinner,employee Q,31.44,No,No
2/1/2022,dinner,employee C,26.20,No,No
2/1/2022,dinner,employee I,17.46,No,No
2/2/2022,lunch,employee Q,75.68,No,No
2/2/2022,dinner,employee Q,92.83,No,No
2/2/2022,dinner,employee C,67.05,No,No
2/2/2022,dinner,employee I,72.20,No,No
2/3/2022,lunch,employee J,87.00,No,No
2/3/2022,dinner,employee J,48.08,No,No
2/3/2022,dinner,employee K,42.74,No,No
2/3/2022,dinner,employee E,26.71,No,No
2/4/2022,lunch,employee Q,69.51,No,No
2/4/2022,lunch,employee K,69.51,No,No
2/4/2022,dinner,employee Q,75.49,No,No
2/4/2022,dinner,employee K,67.09,No,No
2/4/2022,dinner,employee B,67.09,No,No
2/5/2022,lunch,employee B,63.02,No,No
2/5/2022,lunch,employee Q,48.48,No,No
2/5/2022,lunch,employee E,48.48,No,No
2/5/2022,dinner,employee Q,61.91,No,No
2/5/2022,dinner,employee E,34.39,No,No
2/5/2022,dinner,employee K,55.03,No,No
2/6/2022,lunch,employee Q,26.24,No,No
2/6/2022,lunch,employee B,75.10,No,No
2/6/2022,lunch,employee E,75.10,No,No
2/6/2022,lunch,employee K,60.08,No,No
2/6/2022,dinner,employee B,53.24,No,No
2/6/2022,dinner,employee E,53.24,No,No
2/6/2022,dinner,employee I,41.43,No,No
2/7/2022,lunch,employee J,116.36,No,No
2/7/2022,dinner,employee J,45.02,No,No
2/7/2022,dinner,employee K,35.01,No,No
2/7/2022,dinner,employee I,20.01,No,No
2/8/2022,lunch,employee J,69.26,No,No
2/8/2022,dinner,employee J,62.22,No,No
2/8/2022,dinner,employee C,48.39,No,No
2/8/2022,dinner,employee I,41.48,No,No
2/9/2022,lunch,employee Q,44.33,No,No
2/9/2022,dinner,employee Q,62.10,No,No
2/9/2022,dinner,employee C,55.20,No,No
2/9/2022,dinner,employee I,41.41,No,No
2/10/2022,lunch,employee J,78.67,No,No
2/10/2022,dinner,employee Q,72.00,No,No
2/10/2022,dinner,employee K,40.01,No,No
2/10/2022,dinner,employee I,48.00,No,No
2/11/2022,lunch,employee Q,33.43,No,No
2/11/2022,lunch,employee K,30.08,No,No
2/11/2022,dinner,employee J,98.60,No,No
2/11/2022,dinner,employee K,87.64,No,No
2/11/2022,dinner,employee B,98.60,No,No
2/12/2022,lunch,employee B,150.92,No,No
2/12/2022,lunch,employee K,107.80,No,No
2/12/2022,lunch,employee C,53.84,No,No
2/12/2022,dinner,employee J,99.81,No,No
2/12/2022,dinner,employee K,66.53,No,No
2/12/2022,dinner,employee E,99.81,No,No
2/13/2022,lunch,employee Q,81.60,No,No
2/13/2022,lunch,employee K,76.50,No,No
2/13/2022,lunch,employee B,102.00,No,No
2/13/2022,dinner,employee J,11.04,No,No
2/13/2022,dinner,employee B,3.68,No,No
2/13/2022,dinner,employee E,7.36,No,No
2/14/2022,lunch,employee Q,83.95,No,No
2/14/2022,lunch,employee B,8.40,No,No
2/14/2022,dinner,employee Q,84.97,No,No
2/14/2022,dinner,employee K,66.10,No,No
2/14/2022,dinner,employee I,66.10,No,No
2/15/2022,lunch,employee J,58.25,No,No
2/15/2022,dinner,employee J,55.89,No,No
2/15/2022,dinner,employee C,55.89,No,No
2/15/2022,dinner,employee I,37.25,No,No
2/16/2022,lunch,employee Q,61.29,No,No
2/16/2022,dinner,employee Q,65.66,No,No
2/16/2022,dinner,employee C,54.72,No,No
2/16/2022,dinner,employee I,43.78,No,No
2/17/2022,lunch,employee C,65.97,No,No
2/17/2022,dinner,employee C,30.01,No,No
2/17/2022,dinner,employee J,54.01,No,No
2/17/2022,dinner,employee I,42.01,No,No
2/18/2022,lunch,employee J,121.64,No,No
2/18/2022,dinner,employee Q,76.14,No,No
2/18/2022,dinner,employee B,67.67,No,No
2/18/2022,dinner,employee I,33.84,No,No
2/19/2022,lunch,employee Q,95.85,No,No
2/19/2022,lunch,employee B,73.70,No,No
2/19/2022,lunch,employee C,73.70,No,No
2/19/2022,dinner,employee J,63.12,No,No
2/19/2022,dinner,employee B,49.09,No,No
2/19/2022,dinner,employee C,63.12,No,No
2/20/2022,lunch,employee Q,28.01,No,No
2/20/2022,lunch,employee B,70.05,No,No
2/20/2022,lunch,employee C,70.05,No,No
2/20/2022,lunch,employee I,70.05,No,No
2/20/2022,dinner,employee I,34.37,No,No
2/20/2022,dinner,employee B,44.19,No,No
2/20/2022,dinner,employee C,19.64,No,No
2/21/2022,lunch,employee Q,138.95,No,No
2/21/2022,lunch,employee I,48.63,No,No
2/21/2022,dinner,employee Q,85.96,No,No
2/21/2022,dinner,employee I,76.41,No,No
2/21/2022,dinner,employee C,38.57,No,No
2/22/2022,lunch,employee J,41.94,No,No
2/22/2022,dinner,employee Q,44.04,No,No
2/22/2022,dinner,employee C,19.57,No,No
2/22/2022,dinner,employee I,29.36,No,No
2/23/2022,lunch,employee Q,96.45,No,No
2/23/2022,lunch,employee B,19.29,No,No
2/23/2022,dinner,employee Q,37.88,No,No
2/23/2022,dinner,employee C,27.36,No,No
2/23/2022,dinner,employee I,31.57,No,No
2/24/2022,lunch,employee J,100.24,No,No
2/24/2022,dinner,employee J,59.12,No,No
2/24/2022,dinner,employee C,39.41,No,No
2/24/2022,dinner,employee I,32.84,No,No
2/25/2022,lunch,employee J,58.54,No,No
2/25/2022,lunch,employee B,25.10,No,No
2/25/2022,dinner,employee J,47.95,No,No
2/25/2022,dinner,employee B,55.94,No,No
2/25/2022,dinner,employee I,63.93,No,No
2/26/2022,lunch,employee B,90.93,No,No
2/26/2022,lunch,employee C,77.94,No,No
2/26/2022,lunch,employee K,65.02,No,No
2/26/2022,dinner,employee J,77.16,No,No
2/26/2022,dinner,employee E,77.16,No,No
2/26/2022,dinner,employee K,77.16,No,No
2/27/2022,lunch,employee J,106.76,No,No
2/27/2022,lunch,employee K,68.63,No,No
2/27/2022,lunch,employee B,38.12,No,No
2/27/2022,dinner,employee B,36.17,No,No
2/27/2022,dinner,employee E,54.26,No,No
2/27/2022,dinner,employee C,54.26,No,No
2/28/2022,lunch,employee J,107.55,No,No
2/28/2022,dinner,employee J,70.05,No,No
2/28/2022,dinner,employee K,70.05,No,No
2/28/2022,dinner,employee I,54.47,No,No
3/1/2022,lunch,employee J,42.92,No,No
3/1/2022,dinner,employee Q,67.11,No,No
3/1/2022,dinner,employee C,67.11,No,No
3/1/2022,dinner,employee K,0.00,No,No
3/2/2022,lunch,employee J,93.11,No,No
3/2/2022,dinner,employee Q,44.52,No,No
3/2/2022,dinner,employee C,34.63,No,No
3/2/2022,dinner,employee I,32.16,No,No
3/3/2022,lunch,employee Q,94.90,No,No
3/3/2022,dinner,employee B,86.90,No,No
3/3/2022,dinner,employee C,82.09,No,No
3/3/2022,dinner,employee I,67.59,No,No
3/4/2022,lunch,employee Q,65.95,No,No
3/4/2022,lunch,employee K,65.95,No,No
3/4/2022,dinner,employee Q,115.09,No,No
3/4/2022,dinner,employee K,115.09,No,No
3/4/2022,dinner,employee B,115.09,No,No
3/5/2022,lunch,employee Q,18.39,No,No
3/5/2022,lunch,employee J,41.37,No,No
3/5/2022,lunch,employee B,45.97,No,No
3/5/2022,lunch,employee K,45.97,No,No
3/5/2022,dinner,employee J,93.35,No,No
3/5/2022,dinner,employee B,93.35,No,No
3/5/2022,dinner,employee E,93.35,No,No
3/6/2022,lunch,employee Q,18.25,No,No
3/6/2022,lunch,employee J,52.14,No,No
3/6/2022,lunch,employee B,57.35,No,No
3/6/2022,lunch,employee K,41.71,No,No
3/6/2022,dinner,employee B,62.51,No,No
3/6/2022,dinner,employee E,48.61,No,No
3/6/2022,dinner,employee I,55.56,No,No
3/7/2022,lunch,employee Q,142.08,No,No
3/7/2022,dinner,employee Q,111.20,No,No
3/7/2022,dinner,employee I,98.84,No,No
3/8/2022,lunch,employee J,82.45,No,No
3/8/2022,dinner,employee Q,50.09,No,No
3/8/2022,dinner,employee C,50.09,No,No
3/8/2022,dinner,employee I,38.97,No,No
3/9/2022,lunch,employee J,79.98,No,No
3/9/2022,lunch,employee C,6.84,No,No
3/9/2022,dinner,employee C,36.17,No,No
3/9/2022,dinner,employee Q,54.25,No,No
3/9/2022,dinner,employee I,42.20,No,No
3/10/2022,lunch,employee Q,84.47,No,No
3/10/2022,dinner,employee B,67.01,No,No
3/10/2022,dinner,employee C,59.54,No,No
3/10/2022,dinner,employee I,52.12,No,No
3/11/2022,lunch,employee J,140.78,No,No
3/11/2022,dinner,employee J,56.61,No,No
3/11/2022,dinner,employee B,56.61,No,No
3/11/2022,dinner,employee C,37.74,No,No
3/12/2022,lunch,employee Q,88.88,No,No
3/12/2022,lunch,employee B,98.75,No,No
3/12/2022,lunch,employee C,88.89,No,No
3/12/2022,lunch,employee L,0.00,Yes,No
3/12/2022,dinner,employee J,85.74,No,No
3/12/2022,dinner,employee B,85.74,No,No
3/12/2022,dinner,employee I,85.74,No,No
3/13/2022,lunch,employee Q,46.73,No,No
3/13/2022,lunch,employee J,98.66,No,No
3/13/2022,lunch,employee B,98.66,No,No
3/13/2022,lunch,employee L,0.00,Yes,No
3/13/2022,dinner,employee J,55.51,No,No
3/13/2022,dinner,employee B,37.01,No,No
3/13/2022,dinner,employee I,38.86,No,No
3/14/2022,lunch,employee Q,86.15,No,No
3/14/2022,dinner,employee Q,85.88,No,No
3/14/2022,dinner,employee J,96.61,No,No
3/14/2022,dinner,employee I,75.14,No,No
3/15/2022,lunch,employee J,84.54,No,No
3/15/2022,dinner,employee J,52.14,No,No
3/15/2022,dinner,employee C,52.14,No,No
3/15/2022,dinner,employee I,40.56,No,No
3/16/2022,lunch,employee Q,63.34,No,No
3/16/2022,dinner,employee J,96.16,No,No
3/16/2022,dinner,employee C,96.16,No,No
3/16/2022,dinner,employee I,58.10,No,No
3/17/2022,lunch,employee J,51.24,No,No
3/17/2022,dinner,employee B,67.85,No,No
3/17/2022,dinner,employee C,45.30,No,No
3/17/2022,dinner,employee I,52.85,No,No
3/18/2022,lunch,employee Q,58.58,No,No
3/18/2022,dinner,employee Q,54.70,No,No
3/18/2022,dinner,employee B,33.43,No,No
3/18/2022,dinner,employee L,39.50,No,No
3/19/2022,lunch,employee Q,40.74,No,No
3/19/2022,lunch,employee J,81.49,No,No
3/19/2022,lunch,employee L,90.54,No,No
3/19/2022,dinner,employee J,59.60,No,No
3/19/2022,dinner,employee L,59.60,No,No
3/19/2022,dinner,employee B,59.60,No,No
3/20/2022,lunch,employee Q,43.90,No,No
3/20/2022,lunch,employee B,79.85,No,No
3/20/2022,lunch,employee L,99.81,No,No
3/20/2022,lunch,employee J,75.86,No,No
3/20/2022,dinner,employee B,49.45,No,No
3/20/2022,dinner,employee C,59.34,No,No
3/20/2022,dinner,employee I,46.15,No,No
3/21/2022,lunch,employee Q,66.00,No,No
3/21/2022,dinner,employee Q,78.00,No,No
3/21/2022,dinner,employee C,56.34,No,No
3/21/2022,dinner,employee I,60.67,No,No
3/22/2022,lunch,employee J,116.17,No,No
3/22/2022,dinner,employee J,93.36,No,No
3/22/2022,dinner,employee C,93.36,No,No
3/22/2022,dinner,employee I,72.62,No,No
3/23/2022,lunch,employee Q,82.56,No,No
3/23/2022,dinner,employee J,77.89,No,No
3/23/2022,dinner,employee C,77.89,No,No
3/23/2022,dinner,employee I,60.58,No,No
3/24/2022,lunch,employee J,82.31,No,No
3/24/2022,dinner,employee B,75.92,No,No
3/24/2022,dinner,employee C,59.04,No,No
3/24/2022,dinner,employee I,59.04,No,No
3/25/2022,lunch,employee J,117.94,No,No
3/25/2022,dinner,employee J,152.31,No,No
3/25/2022,dinner,employee C,152.31,No,No
3/25/2022,dinner,employee I,135.39,No,No
3/26/2022,lunch,employee Q,104.25,No,No
3/26/2022,lunch,employee C,80.19,No,No
3/26/2022,lunch,employee J,72.17,No,No
3/26/2022,dinner,employee J,63.01,No,No
3/26/2022,dinner,employee C,42.01,No,No
3/26/2022,dinner,employee I,49.01,No,No
3/27/2022,lunch,employee Q,174.11,No,No
3/27/2022,lunch,employee B,124.37,No,No
3/27/2022,lunch,employee I,105.71,No,No
3/27/2022,dinner,employee B,84.11,No,No
3/27/2022,dinner,employee I,84.11,No,No
3/27/2022,dinner,employee C,84.11,No,No
3/27/2022,dinner,employee J,28.40,No,No
3/28/2022,lunch,employee Q,40.91,No,No
3/28/2022,dinner,employee Q,75.31,No,No
3/28/2022,dinner,employee C,75.31,No,No
3/28/2022,dinner,employee I,58.57,No,No
3/29/2022,lunch,employee J,71.30,No,No
3/29/2022,dinner,employee J,66.76,No,No
3/29/2022,dinner,employee C,59.34,No,No
3/29/2022,dinner,employee I,51.93,No,No
3/30/2022,lunch,employee Q,80.34,No,No
3/30/2022,dinner,employee J,74.82,No,No
3/30/2022,dinner,employee C,74.82,No,No
3/30/2022,dinner,employee I,58.19,No,No
3/31/2022,lunch,employee Q,71.75,No,No
3/31/2022,dinner,employee B,99.81,No,No
3/31/2022,dinner,employee C,77.62,No,No
3/31/2022,dinner,employee I,77.62,No,No
4/1/2022,lunch,employee B,43.50,No,No
4/1/2022,lunch,employee L,43.49,No,No
4/1/2022,dinner,employee B,83.96,No,No
4/1/2022,dinner,employee L,83.96,No,No
4/1/2022,dinner,employee Q,83.96,No,No
4/2/2022,lunch,employee Q,48.13,No,No
4/2/2022,lunch,employee B,53.50,No,No
4/2/2022,lunch,employee L,53.50,No,No
4/2/2022,dinner,employee J,94.97,No,No
4/2/2022,dinner,employee B,63.32,No,No
4/2/2022,dinner,employee L,94.97,No,No
4/3/2022,lunch,employee Q,60.49,No,No
4/3/2022,lunch,employee J,90.81,No,No
4/3/2022,lunch,employee B,100.90,No,No
4/3/2022,lunch,employee L,100.90,No,No
4/3/2022,dinner,employee J,38.27,No,No
4/3/2022,dinner,employee B,25.51,No,No
4/3/2022,dinner,employee L,38.27,No,No
4/4/2022,lunch,employee Q,111.84,No,No
4/4/2022,dinner,employee Q,9.69,No,No
4/4/2022,dinner,employee J,67.85,No,No
4/4/2022,dinner,employee I,67.86,No,No
4/5/2022,lunch,employee J,103.61,No,No
4/5/2022,dinner,employee Q,59.99,No,No
4/5/2022,dinner,employee I,59.98,No,No
4/5/2022,dinner,employee N,0.00,Yes,No
4/5/2022,dinner,employee J,20.00,No,No
4/6/2022,lunch,employee Q,82.42,No,No
4/6/2022,dinner,employee Q,92.91,No,No
4/6/2022,dinner,employee I,61.94,No,No
4/6/2022,dinner,employee N,0.00,Yes,No
4/7/2022,lunch,employee J,94.05,No,No
4/7/2022,dinner,employee J,129.02,No,No
4/7/2022,dinner,employee B,129.02,No,No
4/7/2022,dinner,employee N,0.00,Yes,No
4/8/2022,lunch,employee B,71.70,No,No
4/8/2022,lunch,employee L,44.61,No,No
4/8/2022,dinner,employee J,64.21,No,No
4/8/2022,dinner,employee L,64.21,No,No
4/8/2022,dinner,employee N,64.21,No,No
4/9/2022,lunch,employee Q,88.35,No,No
4/9/2022,lunch,employee B,121.49,No,No
4/9/2022,lunch,employee L,110.44,No,No
4/9/2022,dinner,employee B,38.93,No,No
4/9/2022,dinner,employee L,58.41,No,No
4/9/2022,dinner,employee J,58.41,No,No
4/10/2022,lunch,employee Q,0.00,No,No
4/10/2022,lunch,employee B,67.01,No,No
4/10/2022,lunch,employee L,98.75,No,No
4/10/2022,lunch,employee J,63.48,No,No
4/10/2022,dinner,employee B,55.47,No,No
4/10/2022,dinner,employee L,49.32,No,No
4/10/2022,dinner,employee I,55.49,No,No
4/11/2022,lunch,employee Q,61.41,No,No
4/11/2022,dinner,employee Q,61.83,No,No
4/11/2022,dinner,employee N,58.39,No,No
4/11/2022,dinner,employee A,0.00,Yes,No
4/12/2022,lunch,employee Q,80.20,No,No
4/12/2022,dinner,employee J,86.65,No,No
4/12/2022,dinner,employee A,0.00,Yes,No
4/12/2022,dinner,employee I,67.40,No,No
4/13/2022,lunch,employee J,82.62,No,No
4/13/2022,dinner,employee J,103.01,No,No
4/13/2022,dinner,employee A,0.00,Yes,No
4/13/2022,dinner,employee I,56.99,No,No
4/14/2022,lunch,employee J,69.61,No,No
4/14/2022,dinner,employee B,83.84,No,No
4/14/2022,dinner,employee A,0.00,Yes,No
4/14/2022,dinner,employee I,55.92,No,No
4/15/2022,lunch,employee B,60.17,No,No
4/15/2022,lunch,employee L,60.17,No,No
4/15/2022,dinner,employee B,42.53,No,No
4/15/2022,dinner,employee L,42.53,No,No
4/15/2022,dinner,employee N,42.53,No,No
4/16/2022,lunch,employee Q,94.83,No,No
4/16/2022,lunch,employee B,104.90,No,No
4/16/2022,lunch,employee L,99.90,No,No
4/16/2022,dinner,employee B,36.49,No,No
4/16/2022,dinner,employee L,46.92,No,No
4/16/2022,dinner,employee J,41.71,No,No
4/17/2022,lunch,employee Q,48.68,No,No
4/17/2022,lunch,employee B,48.69,No,No
4/17/2022,lunch,employee L,88.51,No,No
4/17/2022,lunch,employee J,79.66,No,No
4/17/2022,dinner,employee B,63.86,No,No
4/17/2022,dinner,employee L,42.59,No,No
4/17/2022,dinner,employee I,63.86,No,No
4/18/2022,lunch,employee Q,39.68,No,No
4/18/2022,dinner,employee J,60.92,No,No
4/18/2022,dinner,employee A,60.92,No,No
4/18/2022,dinner,employee N,40.61,No,No
4/19/2022,lunch,employee J,84.74,No,No
4/19/2022,dinner,employee J,78.43,No,No
4/19/2022,dinner,employee I,61.00,No,No
4/19/2022,dinner,employee L,8.71,No,No
4/20/2022,lunch,employee Q,40.31,No,No
4/20/2022,dinner,employee N,71.23,No,No
4/20/2022,dinner,employee I,58.66,No,No
4/20/2022,dinner,employee Q,54.47,No,No
4/21/2022,lunch,employee J,90.84,No,No
4/21/2022,dinner,employee B,42.53,No,No
4/21/2022,dinner,employee A,42.53,No,No
4/21/2022,dinner,employee I,33.02,No,No
4/22/2022,lunch,employee J,82.08,No,No
4/22/2022,lunch,employee L,82.09,No,No
4/22/2022,dinner,employee B,88.66,No,No
4/22/2022,dinner,employee L,88.67,No,No
4/22/2022,dinner,employee N,88.67,No,No
4/23/2022,lunch,employee L,102.61,No,No
4/23/2022,lunch,employee K,102.61,No,No
4/23/2022,dinner,employee B,77.67,No,No
4/23/2022,dinner,employee L,77.67,No,No
4/23/2022,dinner,employee N,77.67,No,No
4/24/2022,lunch,employee B,205.64,No,No
4/24/2022,lunch,employee L,88.17,No,No
4/24/2022,lunch,employee J,117.51,No,No
4/24/2022,dinner,employee B,57.94,No,No
4/24/2022,dinner,employee J,74.49,No,No
4/24/2022,dinner,employee L,74.49,No,No
4/25/2022,lunch,employee J,51.85,No,No
4/25/2022,lunch,employee A,51.85,No,No
4/25/2022,dinner,employee J,81.26,No,No
4/25/2022,dinner,employee A,81.26,No,No
4/25/2022,dinner,employee G,0.00,Yes,No
4/26/2022,lunch,employee A,141.90,No,No
4/26/2022,dinner,employee J,46.06,No,No
4/26/2022,dinner,employee A,46.06,No,No
4/26/2022,dinner,employee G,0.00,Yes,No
4/27/2022,lunch,employee J,91.25,No,No
4/27/2022,lunch,employee M,0.00,Yes,No
4/27/2022,dinner,employee J,41.63,No,No
4/27/2022,dinner,employee A,41.63,No,No
4/27/2022,dinner,employee N,13.88,No,No
4/28/2022,lunch,employee A,71.27,No,No
4/28/2022,dinner,employee N,72.31,No,No
4/28/2022,dinner,employee I,60.26,No,No
4/28/2022,dinner,employee M,56.25,No,No
4/29/2022,lunch,employee B,60.10,No,No
4/29/2022,lunch,employee M,48.04,No,No
4/29/2022,dinner,employee B,86.56,No,No
4/29/2022,dinner,employee J,38.47,No,No
4/29/2022,dinner,employee I,62.51,No,No
4/30/2022,lunch,employee B,68.89,No,No
4/30/2022,lunch,employee G,0.00,Yes,No
4/30/2022,lunch,employee J,124.01,No,No
4/30/2022,lunch,employee M,124.01,No,No
4/30/2022,dinner,employee M,112.78,No,No
4/30/2022,dinner,employee N,112.78,No,No
4/30/2022,dinner,employee I,87.71,No,No
5/1/2022,lunch,employee B,59.00,No,No
5/1/2022,lunch,employee M,79.42,No,No
5/1/2022,lunch,employee J,53.89,No,No
5/1/2022,lunch,employee G,56.73,No,No
5/1/2022,dinner,employee J,46.22,No,No
5/1/2022,dinner,employee M,46.22,No,No
5/1/2022,dinner,employee G,46.22,No,No
5/2/2022,lunch,employee J,79.26,No,No
5/2/2022,dinner,employee J,56.12,No,No
5/2/2022,dinner,employee N,56.12,No,No
5/2/2022,dinner,employee G,43.64,No,No
5/3/2022,lunch,employee A,86.32,No,No
5/3/2022,dinner,employee A,39.60,No,No
5/3/2022,dinner,employee I,30.79,No,No
5/3/2022,dinner,employee G,30.78,No,No
5/4/2022,lunch,employee A,78.52,No,No
5/4/2022,dinner,employee A,72.61,No,No
5/4/2022,dinner,employee M,72.61,No,No
5/4/2022,dinner,employee I,24.21,No,No
5/5/2022,lunch,employee L,116.10,No,No
5/5/2022,dinner,employee J,40.07,No,No
5/5/2022,dinner,employee A,45.08,No,No
5/5/2022,dinner,employee G,35.06,No,No
5/6/2022,lunch,employee J,137.16,No,No
5/6/2022,lunch,employee P,0.00,Yes,No
5/6/2022,dinner,employee B,114.57,No,No
5/6/2022,dinner,employee M,114.57,No,No
5/6/2022,dinner,employee I,89.09,No,No
5/7/2022,lunch,employee B,134.12,No,No
5/7/2022,lunch,employee L,95.79,No,No
5/7/2022,lunch,employee G,95.79,No,No
5/7/2022,dinner,employee J,63.35,No,No
5/7/2022,dinner,employee L,63.35,No,No
5/7/2022,dinner,employee I,49.27,No,No
5/8/2022,lunch,employee B,59.38,No,No
5/8/2022,lunch,employee L,83.13,No,No
5/8/2022,lunch,employee G,59.38,No,No
5/8/2022,lunch,employee J,55.46,No,No
5/8/2022,dinner,employee B,89.50,No,No
5/8/2022,dinner,employee L,69.63,No,No
5/8/2022,dinner,employee G,89.50,No,No
5/9/2022,lunch,employee J,85.39,No,No
5/9/2022,dinner,employee J,68.20,No,No
5/9/2022,dinner,employee A,76.67,No,No
5/9/2022,dinner,employee G,51.15,No,No
5/10/2022,lunch,employee A,132.62,No,No
5/10/2022,dinner,employee J,67.13,No,No
5/10/2022,dinner,employee P,0.00,Yes,No
5/10/2022,dinner,employee I,52.21,No,No
5/11/2022,lunch,employee A,128.69,No,No
5/11/2022,dinner,employee I,49.07,No,No
5/11/2022,dinner,employee J,35.06,No,No
5/11/2022,dinner,employee A,63.09,No,No
5/12/2022,lunch,employee L,112.17,No,No
5/12/2022,dinner,employee L,17.28,No,No
5/12/2022,dinner,employee J,77.78,No,No
5/12/2022,dinner,employee I,60.49,No,No
5/12/2022,dinner,employee A,60.49,No,No
5/13/2022,lunch,employee B,136.45,No,No
5/13/2022,lunch,employee P,0.00,Yes,No
5/13/2022,dinner,employee J,99.55,No,No
5/13/2022,dinner,employee L,99.55,No,No
5/13/2022,dinner,employee G,44.25,No,No
5/14/2022,lunch,employee B,48.82,No,No
5/14/2022,lunch,employee L,69.75,No,No
5/14/2022,lunch,employee P,69.75,No,No
5/14/2022,dinner,employee L,59.66,No,No
5/14/2022,dinner,employee P,59.66,No,No
5/14/2022,dinner,employee J,59.66,No,No
5/14/2022,dinner,employee G,33.15,No,No
5/15/2022,lunch,employee B,53.90,No,No
5/15/2022,lunch,employee L,75.47,No,No
5/15/2022,lunch,employee J,53.90,No,No
5/15/2022,lunch,employee G,37.73,No,No
5/15/2022,dinner,employee L,30.14,No,No
5/15/2022,dinner,employee P,16.44,No,No
5/15/2022,dinner,employee M,19.18,No,No
5/16/2022,lunch,employee J,97.93,No,No
5/16/2022,dinner,employee A,132.09,No,No
5/16/2022,dinner,employee I,102.76,No,No
5/17/2022,lunch,employee A,134.11,No,No
5/17/2022,dinner,employee J,41.31,No,No
5/17/2022,dinner,employee P,41.31,No,No
5/17/2022,dinner,employee I,32.13,No,No
5/18/2022,lunch,employee A,112.96,No,No
5/18/2022,dinner,employee A,47.83,No,No
5/18/2022,dinner,employee G,21.26,No,No
5/18/2022,dinner,employee P,47.84,No,No
5/19/2022,lunch,employee L,66.38,No,No
5/19/2022,dinner,employee L,64.68,No,No
5/19/2022,dinner,employee A,64.67,No,No
5/19/2022,dinner,employee P,43.11,No,No
5/20/2022,lunch,employee B,42.57,No,No
5/20/2022,lunch,employee P,33.10,No,No
5/20/2022,dinner,employee B,43.34,No,No
5/20/2022,dinner,employee L,33.72,No,No
5/20/2022,dinner,employee I,33.73,No,No
5/21/2022,lunch,employee B,97.65,No,No
5/21/2022,lunch,employee L,69.75,No,No
5/21/2022,lunch,employee P,52.36,No,No
5/21/2022,dinner,employee L,60.26,No,No
5/21/2022,dinner,employee A,60.26,No,No
5/21/2022,dinner,employee I,45.71,No,No
5/22/2022,lunch,employee L,104.12,No,No
5/22/2022,lunch,employee B,94.65,No,No
5/22/2022,lunch,employee P,70.96,No,No
5/22/2022,dinner,employee B,51.84,No,No
5/22/2022,dinner,employee L,66.64,No,No
5/22/2022,dinner,employee G,66.64,No,No
5/23/2022,lunch,employee A,78.63,No,No
5/23/2022,dinner,employee A,52.12,No,No
5/23/2022,dinner,employee I,41.30,No,No
5/23/2022,dinner,employee P,53.12,No,No
5/24/2022,lunch,employee A,99.84,No,No
5/24/2022,dinner,employee A,77.62,No,No
5/24/2022,dinner,employee J,77.62,No,No
5/25/2022,lunch,employee A,72.65,No,No
5/25/2022,dinner,employee J,65.82,No,No
5/25/2022,dinner,employee P,58.51,No,No
5/25/2022,dinner,employee I,51.19,No,No
5/26/2022,lunch,employee L,68.85,No,No
5/26/2022,dinner,employee A,51.17,No,No
5/26/2022,dinner,employee P,76.77,No,No
5/26/2022,dinner,employee I,59.71,No,No
5/27/2022,lunch,employee B,62.26,No,No
5/27/2022,lunch,employee P,53.36,No,No
5/27/2022,dinner,employee J,68.25,No,No
5/27/2022,dinner,employee L,76.79,No,No
5/27/2022,dinner,employee I,59.72,No,No
5/28/2022,lunch,employee B,126.63,No,No
5/28/2022,lunch,employee L,90.48,No,No
5/28/2022,lunch,employee G,90.48,No,No
5/28/2022,dinner,employee L,45.67,No,No
5/28/2022,dinner,employee P,45.67,No,No
5/28/2022,dinner,employee I,35.53,No,No
5/29/2022,lunch,employee B,62.58,No,No
5/29/2022,lunch,employee L,56.90,No,No
5/29/2022,lunch,employee P,56.90,No,No
5/29/2022,dinner,employee L,44.84,No,No
5/29/2022,dinner,employee P,38.88,No,No
5/29/2022,dinner,employee G,44.85,No,No
5/30/2022,lunch,employee B,126.85,No,No
5/30/2022,lunch,employee P,101.46,No,No
5/30/2022,dinner,employee B,76.86,No,No
5/30/2022,dinner,employee L,76.87,No,No
5/30/2022,dinner,employee I,59.75,No,No
5/31/2022,lunch,employee A,107.64,No,No
5/31/2022,dinner,employee A,63.56,No,No
5/31/2022,dinner,employee J,71.51,No,No
5/31/2022,dinner,employee I,55.62,No,No
6/1/2022,lunch,employee A,14.10,No,No
6/1/2022,dinner,employee A,69.60,No,No
6/1/2022,dinner,employee L,46.39,No,No
6/2/2022,lunch,employee L,86.31,No,No
6/2/2022,dinner,employee A,80.11,No,No
6/2/2022,dinner,employee B,80.12,No,No
6/2/2022,dinner,employee J,53.40,No,No
6/3/2022,lunch,employee J,124.66,No,No
6/3/2022,dinner,employee J,108.87,No,No
6/3/2022,dinner,employee B,108.87,No,No
6/3/2022,dinner,employee I,84.68,No,No
6/4/2022,lunch,employee A,81.40,No,No
6/4/2022,lunch,employee B,105.86,No,No
6/4/2022,lunch,employee L,73.26,No,No
6/4/2022,dinner,employee J,67.69,No,No
6/4/2022,dinner,employee A,67.69,No,No
6/4/2022,dinner,employee I,33.84,No,No
6/5/2022,lunch,employee L,145.74,No,No
6/5/2022,lunch,employee B,104.10,No,No
6/5/2022,lunch,employee J,83.33,No,No
6/5/2022,dinner,employee L,39.23,No,No
6/5/2022,dinner,employee B,45.77,No,No
6/5/2022,dinner,employee J,58.84,No,No
6/6/2022,lunch,employee A,162.96,No,No
6/6/2022,dinner,employee A,67.97,No,No
6/6/2022,dinner,employee P,7.49,No,No
6/6/2022,dinner,employee I,51.77,No,No
6/7/2022,lunch,employee A,85.17,No,No
6/7/2022,dinner,employee A,64.18,No,No
6/7/2022,dinner,employee I,49.95,No,No
6/8/2022,lunch,employee A,74.15,No,No
6/8/2022,dinner,employee J,23.24,No,No
6/8/2022,dinner,employee P,15.49,No,No
6/8/2022,dinner,employee I,18.08,No,No
6/9/2022,lunch,employee L,160.22,No,No
6/9/2022,dinner,employee J,64.19,No,No
6/9/2022,dinner,employee P,64.19,No,No
6/9/2022,dinner,employee I,49.93,No,No
6/10/2022,lunch,employee J,35.06,No,No
6/10/2022,dinner,employee B,90.63,No,No
6/10/2022,dinner,employee L,90.63,No,No
6/10/2022,dinner,employee I,70.49,No,No
6/11/2022,lunch,employee B,154.63,No,No
6/11/2022,lunch,employee L,110.41,No,No
6/11/2022,lunch,employee G,110.41,No,No
6/11/2022,dinner,employee B,64.12,No,No
6/11/2022,dinner,employee L,72.14,No,No
6/11/2022,dinner,employee P,72.14,No,No
6/12/2022,lunch,employee L,133.84,No,No
6/12/2022,lunch,employee B,105.16,No,No
6/12/2022,lunch,employee J,86.05,No,No
6/12/2022,dinner,employee B,61.20,No,No
6/12/2022,dinner,employee L,50.96,No,No
6/12/2022,dinner,employee G,61.20,No,No
6/13/2022,lunch,employee P,131.38,No,No
6/13/2022,dinner,employee J,128.11,No,No
6/13/2022,dinner,employee I,99.64,No,No
6/13/2022,dinner,employee P,14.23,No,No
6/14/2022,lunch,employee P,96.90,No,No
6/14/2022,dinner,employee P,15.64,No,No
6/14/2022,dinner,employee J,54.74,No,No
6/14/2022,dinner,employee I,54.74,No,No
6/15/2022,lunch,employee P,107.28,No,No
6/15/2022,dinner,employee J,101.72,No,No
6/15/2022,dinner,employee I,79.12,No,No
6/16/2022,lunch,employee L,84.34,No,No
6/16/2022,dinner,employee B,58.90,No,No
6/16/2022,dinner,employee P,58.91,No,No
6/16/2022,dinner,employee G,45.79,No,No
6/17/2022,lunch,employee J,116.24,No,No
6/17/2022,dinner,employee L,89.60,No,No
6/17/2022,dinner,employee B,89.60,No,No
6/17/2022,dinner,employee I,69.66,No,No
6/18/2022,lunch,employee L,170.71,No,No
6/18/2022,lunch,employee J,121.94,No,No
6/18/2022,dinner,employee L,121.45,No,No
6/18/2022,dinner,employee J,121.45,No,No
6/18/2022,dinner,employee A,0.00,No,No
6/19/2022,lunch,employee A,107.11,No,No
6/19/2022,lunch,employee J,45.90,No,No
6/19/2022,lunch,employee L,107.11,No,No
6/19/2022,dinner,employee L,50.96,No,No
6/19/2022,dinner,employee A,57.35,No,No
6/19/2022,dinner,employee P,38.22,No,No
6/20/2022,lunch,employee A,180.74,No,No
6/20/2022,dinner,employee A,86.04,No,No
6/20/2022,dinner,employee I,66.93,No,No
6/21/2022,lunch,employee A,129.98,No,No
6/21/2022,dinner,employee A,81.19,No,No
6/21/2022,dinner,employee I,71.05,No,No
6/22/2022,lunch,employee A,96.20,No,No
6/22/2022,dinner,employee J,64.03,No,No
6/22/2022,dinner,employee P,64.03,No,No
6/22/2022,dinner,employee G,49.81,No,No
6/23/2022,lunch,employee A,51.94,No,No
6/23/2022,dinner,employee B,50.11,No,No
6/23/2022,dinner,employee P,50.11,No,No
6/23/2022,dinner,employee I,38.99,No,No
6/24/2022,lunch,employee J,109.71,No,No
6/24/2022,dinner,employee J,65.07,No,No
6/24/2022,dinner,employee L,65.07,No,No
6/24/2022,dinner,employee G,50.60,No,No
6/25/2022,lunch,employee B,48.04,No,No
6/25/2022,lunch,employee L,48.04,No,No
6/25/2022,lunch,employee G,38.45,No,No
6/25/2022,dinner,employee L,58.84,No,No
6/25/2022,dinner,employee P,58.84,No,No
6/25/2022,dinner,employee J,52.30,No,No
6/26/2022,lunch,employee L,41.44,No,No
6/26/2022,lunch,employee B,59.15,No,No
6/26/2022,lunch,employee J,50.28,No,No
6/26/2022,dinner,employee L,41.66,No,No
6/26/2022,dinner,employee B,27.70,No,No
6/26/2022,dinner,employee P,50.00,No,No
6/27/2022,lunch,employee A,54.65,No,No
6/27/2022,dinner,employee A,101.18,No,No
6/27/2022,dinner,employee I,78.70,No,No
6/28/2022,lunch,employee A,99.36,No,No
6/28/2022,dinner,employee A,108.49,No,No
6/28/2022,dinner,employee I,84.39,No,No
6/29/2022,lunch,employee A,60.43,No,No
6/29/2022,dinner,employee J,58.87,No,No
6/29/2022,dinner,employee I,45.78,No,No
6/30/2022,lunch,employee L,108.33,No,No
6/30/2022,dinner,employee B,47.39,No,No
6/30/2022,dinner,employee P,26.31,No,No
6/30/2022,dinner,employee I,36.86,No,No
7/1/2022,lunch,employee J,76.07,No,No
7/1/2022,dinner,employee J,32.41,No,No
7/1/2022,dinner,employee L,37.04,No,No
7/1/2022,dinner,employee I,32.41,No,No
7/2/2022,lunch,employee B,133.56,No,No
7/2/2022,lunch,employee L,76.32,No,No
7/2/2022,lunch,employee G,57.23,No,No
7/2/2022,dinner,employee B,69.02,No,No
7/2/2022,dinner,employee L,77.65,No,No
7/2/2022,dinner,employee P,77.65,No,No
7/3/2022,lunch,employee L,109.97,No,No
7/3/2022,lunch,employee B,39.27,No,No
7/3/2022,lunch,employee J,78.52,No,No
7/3/2022,dinner,employee P,47.00,No,No
7/3/2022,dinner,employee L,36.50,No,No
7/3/2022,dinner,employee G,36.50,No,No
7/4/2022,lunch,employee A,70.83,No,No
7/4/2022,lunch,employee P,56.60,No,No
7/4/2022,dinner,employee A,101.57,No,No
7/4/2022,dinner,employee P,101.58,No,No
7/4/2022,dinner,employee G,73.35,No,No
7/5/2022,lunch,employee A,117.11,No,No
7/5/2022,dinner,employee A,80.29,No,No
7/5/2022,dinner,employee I,66.12,No,No
7/5/2022,dinner,employee G,66.12,No,No
7/6/2022,lunch,employee J,31.28,No,No
7/6/2022,dinner,employee J,58.54,No,No
7/6/2022,dinner,employee L,52.03,No,No
7/7/2022,lunch,employee L,80.42,No,No
7/7/2022,dinner,employee L,48.36,No,No
7/7/2022,dinner,employee B,54.41,No,No
7/7/2022,dinner,employee G,42.32,No,No
7/8/2022,lunch,employee L,73.20,No,No
7/8/2022,dinner,employee L,85.61,No,No
7/8/2022,dinner,employee J,71.35,No,No
7/8/2022,dinner,employee I,66.59,No,No
7/9/2022,lunch,employee B,78.19,No,No
7/9/2022,lunch,employee P,55.85,No,No
7/9/2022,lunch,employee G,33.50,No,No
7/9/2022,dinner,employee B,52.09,No,No
7/9/2022,dinner,employee J,52.09,No,No
7/9/2022,dinner,employee P,58.60,No,No
7/10/2022,lunch,employee A,125.65,No,No
7/10/2022,lunch,employee B,89.75,No,No
7/10/2022,lunch,employee J,80.71,No,No
7/10/2022,dinner,employee B,68.65,No,No
7/10/2022,dinner,employee J,68.65,No,No
7/10/2022,dinner,employee G,68.65,No,No
7/11/2022,lunch,employee A,86.88,No,No
7/11/2022,dinner,employee A,33.00,No,No
7/11/2022,dinner,employee P,58.87,No,No
7/11/2022,dinner,employee G,46.00,No,No
7/12/2022,lunch,employee A,72.68,No,No
7/12/2022,dinner,employee A,44.27,No,No
7/12/2022,dinner,employee J,49.80,No,No
7/13/2022,lunch,employee J,40.14,No,No
7/13/2022,dinner,employee J,57.60,No,No
7/13/2022,dinner,employee P,86.40,No,No
7/13/2022,dinner,employee A,67.21,No,No
7/14/2022,lunch,employee J,133.29,No,No
7/14/2022,dinner,employee B,62.91,No,No
7/14/2022,dinner,employee P,62.91,No,No
7/14/2022,dinner,employee G,34.93,No,No
7/15/2022,lunch,employee L,70.90,No,No
7/15/2022,lunch,employee A,10.63,No,No
7/15/2022,dinner,employee L,83.93,No,No
7/15/2022,dinner,employee B,83.93,No,No
7/15/2022,dinner,employee J,74.56,No,No
7/16/2022,lunch,employee B,97.37,No,No
7/16/2022,lunch,employee L,69.55,No,No
7/16/2022,lunch,employee G,55.60,No,No
7/16/2022,dinner,employee L,42.21,No,No
7/16/2022,dinner,employee J,58.44,No,No
7/16/2022,dinner,employee P,58.44,No,No
7/17/2022,lunch,employee P,68.55,No,No
7/17/2022,lunch,employee B,80.66,No,No
7/17/2022,lunch,employee L,112.91,No,No
7/17/2022,dinner,employee B,52.58,No,No
7/17/2022,dinner,employee J,52.58,No,No
7/17/2022,dinner,employee G,52.58,No,No
7/18/2022,lunch,employee A,85.98,No,No
7/18/2022,dinner,employee A,38.97,No,No
7/18/2022,dinner,employee G,30.31,No,No
7/18/2022,dinner,employee P,30.31,No,No
7/19/2022,lunch,employee A,39.05,No,No
7/19/2022,dinner,employee A,113.63,No,No
7/19/2022,dinner,employee J,113.63,No,No
7/20/2022,lunch,employee J,57.19,No,No
7/20/2022,dinner,employee J,56.14,No,No
7/20/2022,dinner,employee I,43.66,No,No
7/20/2022,dinner,employee G,37.43,No,No
7/21/2022,lunch,employee A,89.04,No,No
7/21/2022,dinner,employee A,21.00,No,No
7/21/2022,dinner,employee P,33.30,No,No
7/21/2022,dinner,employee G,27.00,No,No
7/22/2022,lunch,employee J,109.64,No,No
7/22/2022,lunch,employee P,36.55,No,No
7/22/2022,dinner,employee J,56.43,No,No
7/22/2022,dinner,employee I,56.43,No,No
7/22/2022,dinner,employee B,49.56,No,No
7/23/2022,lunch,employee B,107.31,No,No
7/23/2022,lunch,employee L,76.65,No,No
7/23/2022,lunch,employee G,53.71,No,No
7/23/2022,dinner,employee L,66.33,No,No
7/23/2022,dinner,employee J,66.33,No,No
7/24/2022,lunch,employee L,66.51,No,No
7/24/2022,lunch,employee B,57.01,No,No
7/24/2022,lunch,employee J,63.35,No,No
7/24/2022,dinner,employee L,63.37,No,No
7/24/2022,dinner,employee G,63.37,No,No
7/24/2022,dinner,employee P,35.22,No,No
7/25/2022,lunch,employee A,127.72,No,No
7/25/2022,dinner,employee A,85.05,No,No
7/25/2022,dinner,employee I,66.15,No,No
7/26/2022,lunch,employee A,50.14,No,No
7/26/2022,dinner,employee J,78.41,No,No
7/26/2022,dinner,employee P,78.41,No,No
7/27/2022,lunch,employee J,54.80,No,No
7/27/2022,dinner,employee J,60.48,No,No
7/27/2022,dinner,employee P,68.08,No,No
7/28/2022,lunch,employee L,50.65,No,No
7/28/2022,dinner,employee L,66.55,No,No
7/28/2022,dinner,employee I,103.53,No,No
7/29/2022,lunch,employee A,101.65,No,No
7/29/2022,dinner,employee A,46.87,No,No
7/29/2022,dinner,employee B,70.38,No,No
7/29/2022,dinner,employee I,54.74,No,No
7/30/2022,lunch,employee B,110.11,No,No
7/30/2022,lunch,employee L,62.92,No,No
7/30/2022,lunch,employee G,39.33,No,No
7/30/2022,dinner,employee B,64.59,No,No
7/30/2022,dinner,employee L,64.59,No,No
7/31/2022,lunch,employee L,98.27,No,No
7/31/2022,lunch,employee B,59.65,No,No
7/31/2022,lunch,employee G,70.18,No,No
7/31/2022,dinner,employee L,101.65,No,No
7/31/2022,dinner,employee B,79.10,No,No
7/31/2022,dinner,employee G,101.65,No,No
8/1/2022,lunch,employee A,116.46,No,No
8/1/2022,dinner,employee A,90.73,No,No
8/1/2022,dinner,employee I,70.56,No,No
8/2/2022,lunch,employee A,76.19,No,No
8/2/2022,dinner,employee A,79.50,No,No
8/2/2022,dinner,employee P,79.50,No,No
8/3/2022,lunch,employee J,42.01,No,No
8/3/2022,dinner,employee J,53.99,No,No
8/3/2022,dinner,employee G,42.00,No,No
8/4/2022,lunch,employee A,93.45,No,No
8/4/2022,dinner,employee A,75.33,No,No
8/4/2022,dinner,employee P,75.34,No,No
8/5/2022,lunch,employee L,77.91,No,No
8/5/2022,dinner,employee L,78.88,No,No
8/5/2022,dinner,employee B,78.88,No,No
8/5/2022,dinner,employee P,78.88,No,No
8/6/2022,lunch,employee B,99.89,No,No
8/6/2022,lunch,employee L,71.35,No,No
8/6/2022,lunch,employee P,32.10,No,No
8/6/2022,dinner,employee B,40.65,No,No
8/6/2022,dinner,employee L,40.64,No,No
8/7/2022,lunch,employee L,145.79,No,No
8/7/2022,lunch,employee B,145.79,No,No
8/7/2022,dinner,employee B,64.74,No,No
8/7/2022,dinner,employee L,64.74,No,No
8/8/2022,lunch,employee A,73.79,No,No
8/8/2022,dinner,employee A,66.53,No,No
8/8/2022,dinner,employee J,66.53,No,No
8/9/2022,lunch,employee A,57.52,No,No
8/9/2022,dinner,employee A,103.65,No,No
8/9/2022,dinner,employee P,103.66,No,No
8/10/2022,lunch,employee J,123.27,No,No
8/10/2022,dinner,employee J,114.38,No,No
8/10/2022,dinner,employee P,114.38,No,No
8/11/2022,lunch,employee L,21.89,No,No
8/11/2022,lunch,employee B,21.89,No,No
8/11/2022,lunch,employee P,76.66,No,No
8/11/2022,dinner,employee P,97.69,No,No
8/11/2022,dinner,employee G,75.25,No,No
8/11/2022,dinner,employee J,64.50,No,No
8/12/2022,lunch,employee A,64.25,No,No
8/12/2022,dinner,employee L,80.62,No,No
8/12/2022,dinner,employee B,80.62,No,No
8/12/2022,dinner,employee J,80.62,No,No
8/13/2022,lunch,employee B,99.82,No,No
8/13/2022,lunch,employee L,71.30,No,No
8/13/2022,lunch,employee G,32.02,No,No
8/13/2022,dinner,employee B,20.93,No,No
8/13/2022,dinner,employee L,34.26,No,No
8/13/2022,dinner,employee J,34.26,No,No
8/13/2022,dinner,employee H,0.00,Yes,No
8/14/2022,lunch,employee L,130.75,No,No
8/14/2022,lunch,employee J,93.34,No,No
8/14/2022,lunch,employee H,0.00,Yes,No
8/14/2022,dinner,employee B,15.82,No,No
8/14/2022,dinner,employee L,13.56,No,No
8/14/2022,dinner,employee P,18.91,No,No
8/15/2022,lunch,employee A,111.93,No,No
8/15/2022,dinner,employee A,146.49,No,No
8/15/2022,dinner,employee P,97.65,No,No
8/15/2022,dinner,employee H,0.00,Yes,No
8/16/2022,lunch,employee A,79.57,No,No
8/16/2022,dinner,employee J,59.80,No,No
8/16/2022,dinner,employee P,59.80,No,No
8/16/2022,dinner,employee H,59.80,No,No
8/17/2022,lunch,employee A,135.57,No,No
8/17/2022,dinner,employee P,81.87,No,No
8/17/2022,dinner,employee G,63.59,No,No
8/17/2022,dinner,employee H,81.76,No,No
8/18/2022,lunch,employee L,32.74,No,No
8/18/2022,lunch,employee H,4.91,No,No
8/18/2022,dinner,employee A,120.32,No,No
8/18/2022,dinner,employee P,120.32,No,No
8/19/2022,lunch,employee L,46.78,No,No
8/19/2022,lunch,employee H,46.77,No,No
8/19/2022,dinner,employee B,65.95,No,No
8/19/2022,dinner,employee L,54.95,No,No
8/19/2022,dinner,employee P,54.96,No,No
8/20/2022,lunch,employee B,84.26,No,No
8/20/2022,lunch,employee L,76.60,No,No
8/20/2022,dinner,employee H,45.06,No,No
8/20/2022,dinner,employee B,45.06,No,No
8/20/2022,dinner,employee G,45.06,No,No
8/21/2022,lunch,employee B,69.75,No,No
8/21/2022,lunch,employee L,87.22,No,No
8/21/2022,lunch,employee G,69.75,No,No
8/21/2022,dinner,employee B,52.67,No,No
8/21/2022,dinner,employee G,67.81,No,No
8/21/2022,dinner,employee P,67.72,No,No
8/22/2022,lunch,employee A,83.32,No,No
8/22/2022,dinner,employee A,100.23,No,No
8/22/2022,dinner,employee L,100.33,No,No
8/23/2022,lunch,employee A,66.75,No,No
8/23/2022,dinner,employee A,80.09,No,No
8/23/2022,dinner,employee L,80.08,No,No
8/23/2022,dinner,employee O,0.00,Yes,No
8/24/2022,lunch,employee L,69.74,No,No
8/24/2022,dinner,employee J,89.73,No,No
8/24/2022,dinner,employee H,89.73,No,No
8/24/2022,dinner,employee O,0.00,Yes,No
8/25/2022,lunch,employee L,124.16,No,No
8/25/2022,dinner,employee J,76.66,No,No
8/25/2022,dinner,employee H,76.66,No,No
8/25/2022,dinner,employee O,0.00,Yes,No
8/26/2022,lunch,employee J,96.05,No,No
8/26/2022,dinner,employee J,53.80,No,No
8/26/2022,dinner,employee P,53.80,No,No
8/26/2022,dinner,employee H,53.80,No,No
8/27/2022,lunch,employee A,160.58,No,No
8/27/2022,lunch,employee H,126.06,No,No
8/27/2022,lunch,employee G,103.14,No,No
8/27/2022,dinner,employee J,37.85,No,No
8/27/2022,dinner,employee H,37.85,No,No
8/27/2022,dinner,employee G,37.85,No,No
8/28/2022,lunch,employee P,120.93,No,No
8/28/2022,lunch,employee J,53.35,No,No
8/28/2022,lunch,employee H,56.02,No,No
8/28/2022,dinner,employee J,46.28,No,No
8/28/2022,dinner,employee H,46.28,No,No
8/28/2022,dinner,employee G,46.28,No,No
8/29/2022,lunch,employee A,141.34,No,No
8/29/2022,dinner,employee A,70.20,No,No
8/29/2022,dinner,employee H,70.20,No,No
8/29/2022,dinner,employee G,54.63,No,No
8/30/2022,lunch,employee A,105.12,No,No
8/30/2022,dinner,employee A,96.39,No,No
8/30/2022,dinner,employee G,75.01,No,No
8/31/2022,lunch,employee J,60.64,No,No
8/31/2022,dinner,employee J,70.46,No,No
8/31/2022,dinner,employee H,70.46,No,No
9/1/2022,lunch,employee L,66.26,No,No
9/1/2022,dinner,employee H,38.47,No,No
9/1/2022,dinner,employee G,29.92,No,No
9/1/2022,dinner,employee J,38.47,No,No
9/2/2022,lunch,employee L,153.48,No,No
9/2/2022,dinner,employee L,105.18,No,No
9/2/2022,dinner,employee J,0.00,No,No
9/2/2022,dinner,employee H,105.19,No,No
9/3/2022,lunch,employee L,77.70,No,No
9/3/2022,lunch,employee J,16.69,No,No
9/3/2022,lunch,employee G,49.95,No,No
9/3/2022,dinner,employee L,30.96,No,No
9/3/2022,dinner,employee J,46.43,No,No
9/3/2022,dinner,employee G,43.85,No,No
9/4/2022,lunch,employee L,74.25,No,No
9/4/2022,lunch,employee J,53.03,No,No
9/4/2022,lunch,employee G,53.03,No,No
9/4/2022,dinner,employee L,64.13,No,No
9/4/2022,dinner,employee J,42.76,No,No
9/4/2022,dinner,employee G,64.13,No,No
9/5/2022,lunch,employee A,91.40,No,No
9/5/2022,lunch,employee J,64.01,No,No
9/5/2022,dinner,employee A,99.59,No,No
9/5/2022,dinner,employee J,99.60,No,No
9/6/2022,lunch,employee A,90.45,No,No
9/6/2022,dinner,employee A,42.21,No,No
9/6/2022,dinner,employee H,54.27,No,No
9/7/2022,lunch,employee J,68.50,No,No
9/7/2022,dinner,employee J,65.99,No,No
9/7/2022,dinner,employee H,65.99,No,No
9/8/2022,lunch,employee L,102.51,No,No
9/8/2022,dinner,employee J,61.26,No,No
9/8/2022,dinner,employee H,61.26,No,No
9/8/2022,dinner,employee G,47.65,No,No
9/9/2022,lunch,employee L,106.97,No,No
9/9/2022,dinner,employee L,26.97,No,No
9/9/2022,dinner,employee J,17.98,No,No
9/9/2022,dinner,employee H,26.97,No,No
9/10/2022,lunch,employee L,181.38,No,No
9/10/2022,lunch,employee J,164.89,No,No
9/10/2022,dinner,employee L,32.04,No,No
9/10/2022,dinner,employee J,48.06,No,No
9/10/2022,dinner,employee G,48.06,No,No
9/11/2022,lunch,employee L,74.37,No,No
9/11/2022,lunch,employee J,74.37,No,No
9/11/2022,lunch,employee G,74.37,No,No
9/11/2022,dinner,employee L,54.13,No,No
9/11/2022,dinner,employee H,54.13,No,No
9/11/2022,dinner,employee G,36.08,No,No
9/12/2022,lunch,employee A,119.54,No,No
9/12/2022,dinner,employee H,63.62,No,No
9/12/2022,dinner,employee G,35.34,No,No
9/12/2022,dinner,employee A,63.62,No,No
9/13/2022,lunch,employee A,49.09,No,No
9/13/2022,dinner,employee A,37.18,No,No
9/13/2022,dinner,employee H,83.66,No,No
9/13/2022,dinner,employee G,65.11,No,No
9/14/2022,lunch,employee L,84.84,No,No
9/14/2022,dinner,employee J,82.00,No,No
9/14/2022,dinner,employee H,82.00,No,No
9/14/2022,dinner,employee R,0.00,Yes,No
9/15/2022,lunch,employee L,68.86,No,No
9/15/2022,dinner,employee J,93.40,No,No
9/15/2022,dinner,employee H,93.40,No,No
9/15/2022,dinner,employee R,0.00,Yes,No
9/16/2022,lunch,employee L,140.06,No,No
9/16/2022,dinner,employee J,67.21,No,No
9/16/2022,dinner,employee G,52.27,No,No
9/16/2022,dinner,employee H,67.21,No,No
9/17/2022,lunch,employee J,105.52,No,No
9/17/2022,lunch,employee H,81.17,No,No
9/17/2022,lunch,employee G,73.05,No,No
9/17/2022,dinner,employee J,44.24,No,No
9/17/2022,dinner,employee G,25.81,No,No
9/17/2022,dinner,employee H,66.36,No,No
9/18/2022,lunch,employee J,77.68,No,No
9/18/2022,lunch,employee R,11.95,No,No
9/18/2022,lunch,employee H,59.75,No,No
9/18/2022,dinner,employee J,59.04,No,No
9/18/2022,dinner,employee H,48.15,No,No
9/18/2022,dinner,employee G,59.04,No,No
9/19/2022,lunch,employee A,151.16,No,No
9/19/2022,dinner,employee A,99.25,No,No
9/19/2022,dinner,employee J,99.25,No,No
9/20/2022,lunch,employee A,99.05,No,No
9/20/2022,dinner,employee A,64.57,No,No
9/20/2022,dinner,employee H,64.57,No,No
9/20/2022,dinner,employee R,64.57,No,No
9/21/2022,lunch,employee J,53.14,No,No
9/21/2022,dinner,employee J,96.25,No,No
9/21/2022,dinner,employee R,96.25,No,No
9/22/2022,lunch,employee L,89.53,No,No
9/22/2022,dinner,employee J,47.11,No,No
9/22/2022,dinner,employee H,36.64,No,No
9/22/2022,dinner,employee R,47.11,No,No
9/23/2022,lunch,employee L,53.64,No,No
9/23/2022,lunch,employee H,53.64,No,No
9/23/2022,dinner,employee L,88.17,No,No
9/23/2022,dinner,employee H,78.37,No,No
9/23/2022,dinner,employee J,88.17,No,No
9/24/2022,lunch,employee L,145.09,No,No
9/24/2022,lunch,employee H,103.64,No,No
9/24/2022,dinner,employee L,41.82,No,No
9/24/2022,dinner,employee H,57.90,No,No
9/24/2022,dinner,employee J,51.47,No,No
9/25/2022,lunch,employee L,98.15,No,No
9/25/2022,lunch,employee J,93.47,No,No
9/25/2022,lunch,employee R,93.47,No,No
9/25/2022,dinner,employee J,53.19,No,No
9/25/2022,dinner,employee H,53.19,No,No
9/25/2022,dinner,employee R,41.37,No,No
9/26/2022,lunch,employee A,88.94,No,No
9/26/2022,dinner,employee A,92.37,No,No
9/26/2022,dinner,employee H,92.37,No,No
9/26/2022,dinner,employee G,71.85,No,No
9/27/2022,lunch,employee A,62.72,No,No
9/27/2022,dinner,employee A,61.50,No,No
9/27/2022,dinner,employee R,61.50,No,No
9/27/2022,dinner,employee G,34.18,No,No
9/28/2022,lunch,employee H,89.53,No,No
9/28/2022,dinner,employee H,51.36,No,No
9/28/2022,dinner,employee J,61.63,No,No
9/28/2022,dinner,employee G,47.93,No,No
9/29/2022,lunch,employee L,58.76,No,No
9/29/2022,dinner,employee J,64.18,No,No
9/29/2022,dinner,employee R,54.62,No,No
9/29/2022,dinner,employee G,49.92,No,No
9/30/2022,lunch,employee L,79.38,No,No
9/30/2022,dinner,employee L,49.00,No,No
9/30/2022,dinner,employee J,55.14,No,No
9/30/2022,dinner,employee H,55.14,No,No
10/1/2022,lunch,employee L,127.05,No,No
10/1/2022,lunch,employee H,90.75,No,No
10/1/2022,lunch,employee G,54.45,No,No
10/1/2022,dinner,employee L,43.25,No,No
10/1/2022,dinner,employee H,48.66,No,No
10/1/2022,dinner,employee J,48.66,No,No
10/1/2022,dinner,employee S,0.00,Yes,No
10/2/2022,lunch,employee L,89.80,No,No
10/2/2022,lunch,employee J,89.80,No,No
10/2/2022,lunch,employee S,0.00,Yes,No
10/2/2022,dinner,employee L,72.72,No,No
10/2/2022,dinner,employee H,72.73,No,No
10/2/2022,dinner,employee R,72.73,No,No
10/3/2022,lunch,employee A,69.16,No,No
10/3/2022,dinner,employee A,96.05,No,No
10/3/2022,dinner,employee G,74.70,No,No
10/4/2022,lunch,employee A,98.13,No,No
10/4/2022,dinner,employee J,61.46,No,No
10/4/2022,dinner,employee R,54.63,No,No
10/4/2022,dinner,employee G,27.31,No,No
10/5/2022,lunch,employee A,80.06,No,No
10/5/2022,dinner,employee J,111.75,No,No
10/5/2022,dinner,employee T,0.00,Yes,No
10/5/2022,dinner,employee G,86.92,No,No
10/6/2022,lunch,employee L,50.95,No,No
10/6/2022,dinner,employee J,46.77,No,No
10/6/2022,dinner,employee H,41.58,No,No
10/6/2022,dinner,employee R,41.57,No,No
10/7/2022,lunch,employee L,93.45,No,No
10/7/2022,lunch,employee H,74.76,No,No
10/7/2022,dinner,employee L,53.06,No,No
10/7/2022,dinner,employee J,68.21,No,No
10/7/2022,dinner,employee T,0.00,Yes,No
10/8/2022,lunch,employee L,65.40,No,No
10/8/2022,lunch,employee H,51.78,No,No
10/8/2022,lunch,employee G,27.25,No,No
10/8/2022,dinner,employee L,12.57,No,No
10/8/2022,dinner,employee H,113.13,No,No
10/8/2022,dinner,employee J,100.56,No,No
10/8/2022,dinner,employee S,0.00,Yes,No
10/9/2022,lunch,employee L,166.10,No,No
10/9/2022,lunch,employee J,94.91,No,No
10/9/2022,lunch,employee T,0.00,Yes,No
10/9/2022,dinner,employee L,57.83,No,No
10/9/2022,dinner,employee H,57.84,No,No
10/9/2022,dinner,employee R,57.84,No,No
10/10/2022,lunch,employee A,86.34,No,No
10/10/2022,dinner,employee A,78.78,No,No
10/10/2022,dinner,employee G,43.75,No,No
10/10/2022,dinner,employee H,78.79,No,No
10/11/2022,lunch,employee A,72.21,No,No
10/11/2022,dinner,employee A,46.86,No,No
10/11/2022,dinner,employee R,46.81,No,No
10/11/2022,dinner,employee G,15.60,No,No
10/12/2022,lunch,employee H,99.79,No,No
10/12/2022,dinner,employee H,92.75,No,No
10/12/2022,dinner,employee J,92.75,No,No
10/13/2022,lunch,employee J,73.98,No,No
10/13/2022,dinner,employee J,54.38,No,No
10/13/2022,dinner,employee T,33.23,No,No
10/13/2022,dinner,employee R,48.34,No,No
10/14/2022,lunch,employee L,46.67,No,No
10/14/2022,lunch,employee H,28.00,No,No
10/14/2022,dinner,employee L,33.23,No,No
10/14/2022,dinner,employee J,74.76,No,No
10/14/2022,dinner,employee T,74.76,No,No
10/15/2022,lunch,employee L,74.26,No,No
10/15/2022,lunch,employee H,53.05,No,No
10/15/2022,lunch,employee S,26.52,No,No
10/15/2022,dinner,employee L,35.75,No,No
10/15/2022,dinner,employee H,33.76,No,No
10/15/2022,dinner,employee J,19.86,No,No
10/16/2022,lunch,employee L,166.66,No,No
10/16/2022,lunch,employee T,77.37,No,No
10/16/2022,lunch,employee S,101.18,No,No
10/16/2022,dinner,employee L,101.58,No,No
10/16/2022,dinner,employee R,101.58,No,No
10/17/2022,lunch,employee A,139.77,No,No
10/17/2022,dinner,employee A,42.02,No,No
10/17/2022,dinner,employee J,63.03,No,No
10/17/2022,dinner,employee G,49.02,No,No
10/18/2022,lunch,employee A,62.75,No,No
10/18/2022,dinner,employee A,41.53,No,No
10/18/2022,dinner,employee G,41.54,No,No
10/18/2022,dinner,employee R,18.44,No,No
10/19/2022,lunch,employee J,78.98,No,No
10/19/2022,dinner,employee J,41.32,No,No
10/19/2022,dinner,employee R,27.55,No,No
10/19/2022,dinner,employee S,22.96,No,No
10/20/2022,lunch,employee L,66.37,No,No
10/20/2022,dinner,employee J,61.21,No,No
10/20/2022,dinner,employee R,47.61,No,No
10/20/2022,dinner,employee T,34.01,No,No
10/21/2022,lunch,employee L,129.95,No,No
10/21/2022,dinner,employee L,72.25,No,No
10/21/2022,dinner,employee T,72.25,No,No
10/21/2022,dinner,employee H,72.25,No,No
10/22/2022,lunch,employee L,106.60,No,No
10/22/2022,lunch,employee G,76.14,No,No
10/22/2022,lunch,employee S,45.68,No,No
10/22/2022,dinner,employee J,65.00,No,No
10/22/2022,dinner,employee H,68.82,No,No
10/22/2022,dinner,employee T,68.82,No,No
10/23/2022,lunch,employee L,54.00,No,No
10/23/2022,lunch,employee G,27.00,No,No
10/23/2022,lunch,employee T,45.00,No,No
10/23/2022,dinner,employee J,70.45,No,No
10/23/2022,dinner,employee T,76.50,No,No
10/23/2022,dinner,employee S,76.50,No,No
10/24/2022,lunch,employee A,97.47,No,No
10/24/2022,dinner,employee A,46.53,No,No
10/24/2022,dinner,employee H,46.53,No,No
10/24/2022,dinner,employee G,20.68,No,No
10/25/2022,lunch,employee A,105.23,No,No
10/25/2022,dinner,employee A,78.57,No,No
10/25/2022,dinner,employee R,74.20,No,No
10/25/2022,dinner,employee G,61.11,No,No
10/26/2022,lunch,employee H,52.87,No,No
10/26/2022,dinner,employee H,56.59,No,No
10/26/2022,dinner,employee J,56.59,No,No
10/26/2022,dinner,employee S,44.01,No,No
10/27/2022,lunch,employee L,99.82,No,No
10/27/2022,dinner,employee T,49.94,No,No
10/27/2022,dinner,employee R,49.94,No,No
10/27/2022,dinner,employee G,33.33,No,No
10/28/2022,lunch,employee L,93.98,No,No
10/28/2022,dinner,employee L,53.45,No,No
10/28/2022,dinner,employee T,35.62,No,No
10/28/2022,dinner,employee H,41.56,No,No
10/29/2022,lunch,employee L,85.69,No,No
10/29/2022,lunch,employee S,48.96,No,No
10/29/2022,lunch,employee H,30.60,No,No
10/29/2022,dinner,employee L,80.41,No,No
10/29/2022,dinner,employee T,80.41,No,No
10/29/2022,dinner,employee H,62.55,No,No
10/30/2022,lunch,employee L,96.25,No,No
10/30/2022,lunch,employee R,68.75,No,No
10/30/2022,lunch,employee T,48.14,No,No
10/30/2022,dinner,employee L,46.04,No,No
10/30/2022,dinner,employee R,38.36,No,No
10/30/2022,dinner,employee S,38.36,No,No
10/31/2022,lunch,employee A,103.15,No,No
10/31/2022,dinner,employee A,42.18,No,No
10/31/2022,dinner,employee J,42.19,No,No
11/1/2022,lunch,employee A,89.33,No,No
11/1/2022,dinner,employee A,83.83,No,No
11/1/2022,dinner,employee J,27.95,No,No
11/1/2022,dinner,employee R,83.83,No,No
11/2/2022,lunch,employee H,42.04,No,No
11/2/2022,dinner,employee H,61.62,No,No
11/2/2022,dinner,employee J,34.22,No,No
11/2/2022,dinner,employee A,27.38,No,No
11/3/2022,lunch,employee J,109.99,No,No
11/3/2022,dinner,employee J,76.00,No,No
11/3/2022,dinner,employee R,76.00,No,No
11/3/2022,dinner,employee S,24.49,No,No
11/4/2022,lunch,employee J,71.58,No,No
11/4/2022,dinner,employee J,100.92,No,No
11/4/2022,dinner,employee H,100.92,No,No
11/4/2022,dinner,employee S,67.28,No,No
11/5/2022,lunch,employee J,144.62,No,No
11/5/2022,lunch,employee H,103.32,No,No
11/5/2022,lunch,employee U,0.00,Yes,No
11/5/2022,dinner,employee J,54.09,No,No
11/5/2022,dinner,employee H,108.19,No,No
11/5/2022,dinner,employee R,108.19,No,No
11/5/2022,dinner,employee U,0.00,Yes,No
11/6/2022,lunch,employee A,95.33,No,No
11/6/2022,lunch,employee R,68.05,No,No
11/6/2022,lunch,employee H,54.44,No,No
11/6/2022,dinner,employee J,77.71,No,No
11/6/2022,dinner,employee S,77.71,No,No
11/6/2022,dinner,employee U,0.00,Yes,No
11/7/2022,lunch,employee A,108.83,No,No
11/7/2022,dinner,employee A,51.55,No,No
11/7/2022,dinner,employee R,51.56,No,No
11/7/2022,dinner,employee H,51.56,No,No
11/8/2922,lunch,employee A,112.38,No,No
11/8/2022,dinner,employee A,66.41,No,No
11/8/2022,dinner,employee J,66.41,No,No
11/9/2022,lunch,employee A,103.88,No,No
11/9/2022,dinner,employee R,58.68,No,No
11/9/2022,dinner,employee J,32.60,No,No
11/9/2022,dinner,employee S,29.34,No,No
11/10/2022,lunch,employee L,74.27,No,No
11/10/2022,dinner,employee A,86.62,No,No
11/10/2022,dinner,employee J,86.62,No,No
11/10/2022,dinner,employee U,0.00,Yes,No
11/11/2022,lunch,employee L,127.75,No,No
11/11/2022,dinner,employee L,56.28,No,No
11/11/2022,dinner,employee J,72.36,No,No
11/12/2022,lunch,employee L,86.63,No,No
11/12/2022,lunch,employee U,43.31,No,No
11/12/2022,lunch,employee S,24.75,No,No
11/12/2022,dinner,employee L,52.96,No,No
11/12/2022,dinner,employee J,63.50,No,No
11/12/2022,dinner,employee U,63.55,No,No
11/13/2022,lunch,employee L,111.88,No,No
11/13/2022,lunch,employee U,59.94,No,No
11/13/2022,lunch,employee J,47.95,No,No
11/13/2022,dinner,employee L,14.26,No,No
11/13/2022,dinner,employee J,64.19,No,No
11/13/2022,dinner,employee S,64.19,No,No
11/14/2022,lunch,employee A,75.73,No,No
11/14/2022,dinner,employee A,43.84,No,No
11/14/2022,dinner,employee R,56.35,No,No
11/14/2022,dinner,employee H,56.35,No,No
11/15/2022,lunch,employee J,77.62,No,No
11/15/2022,dinner,employee G,119.66,No,No
11/16/2022,lunch,employee H,87.47,No,No
11/16/2022,dinner,employee H,62.24,No,No
11/16/2022,dinner,employee R,62.24,No,No
11/17/2022,lunch,employee L,19.93,No,No
11/17/2022,dinner,employee J,88.58,No,No
11/17/2022,dinner,employee G,68.90,No,No
11/17/2022,dinner,employee V,0.00,Yes,No
11/18/2022,lunch,employee L,127.32,No,No
11/18/2022,lunch,employee V,0.00,Yes,No
11/18/2022,dinner,employee L,108.68,No,No
11/18/2022,dinner,employee V,0.00,Yes,No
11/18/2022,dinner,employee H,96.61,No,No
11/19/2022,lunch,employee L,135.60,No,No
11/19/2022,lunch,employee S,58.12,No,No
11/19/2022,dinner,employee L,37.56,No,No
11/19/2022,dinner,employee J,43.82,No,No
11/19/2022,dinner,employee H,56.34,No,No
11/20/2022,lunch,employee L,105.50,No,No
11/20/2022,lunch,employee J,117.23,No,No
11/20/2022,lunch,employee V,0.00,Yes,No
11/20/2022,dinner,employee G,44.35,No,No
11/20/2022,dinner,employee S,49.89,No,No
11/20/2022,dinner,employee H,49.89,No,No
11/21/2022,lunch,employee A,167.48,No,No
11/21/2022,dinner,employee A,86.44,No,No
11/21/2022,dinner,employee H,86.44,No,No
11/22/2022,lunch,employee A,77.69,No,No
11/22/2022,dinner,employee A,115.88,No,No
11/22/2022,dinner,employee J,115.88,No,No
11/23/2022,lunch,employee A,110.61,No,No
11/23/2022,dinner,employee S,41.51,No,No
11/23/2022,dinner,employee J,58.12,No,No
11/25/2022,lunch,employee L,100.57,No,No
11/25/2022,dinner,employee L,73.38,No,No
11/25/2022,dinner,employee J,94.35,No,No
11/25/2022,dinner,employee W,0.00,Yes,No
11/26/2022,lunch,employee L,141.02,No,No
11/26/2022,lunch,employee S,60.44,No,No
11/26/2022,dinner,employee J,56.27,No,No
11/26/2022,dinner,employee L,12.50,No,No
11/26/2022,dinner,employee W,0.00,Yes,No
11/27/2022,lunch,employee L,54.46,No,No
11/27/2022,lunch,employee J,54.46,No,No
11/27/2022,lunch,employee X,0.00,Yes,No
11/27/2022,dinner,employee J,14.48,No,No
11/27/2022,dinner,employee L,33.79,No,No
11/27/2022,dinner,employee W,0.00,Yes,No
11/28/2022,lunch,employee A,85.92,No,No
11/28/2022,dinner,employee A,86.58,No,No
11/28/2022,dinner,employee S,38.48,No,No
11/28/2022,dinner,employee J,48.10,No,No
11/29/2022,lunch,employee A,98.17,No,No
11/29/2022,dinner,employee A,17.58,No,No
11/29/2022,dinner,employee J,46.88,No,No
11/29/2022,dinner,employee W,52.74,No,No
11/30/2022,lunch,employee A,88.99,No,No
11/30/2022,dinner,employee J,42.65,No,No
11/30/2022,dinner,employee X,0.00,Yes,No
11/30/2022,dinner,employee S,28.43,No,No
12/1/2022,lunch,employee L,45.58,No,No
12/1/2022,dinner,employee J,54.99,No,No
12/1/2022,dinner,employee X,0.00,Yes,No
12/1/2022,dinner,employee W,0.00,No,Yes
12/2/2022,lunch,employee L,85.02,No,No
12/2/2022,lunch,employee Y,0.00,Yes,No
12/2/2022,dinner,employee L,115.10,No,No
12/2/2022,dinner,employee S,76.73,No,No
12/3/2022,lunch,employee L,70.17,No,No
12/3/2022,lunch,employee W,50.12,No,No
12/3/2022,lunch,employee S,30.07,No,No
12/3/2022,dinner,employee L,110.52,No,No
12/3/2022,dinner,employee J,73.69,No,No
12/3/2022,dinner,employee Y,0.00,Yes,No
12/4/2022,lunch,employee J,67.61,No,No
12/4/2022,lunch,employee W,67.61,No,No
12/4/2022,lunch,employee L,57.47,No,No
12/4/2022,dinner,employee J,118.59,No,No
12/4/2022,dinner,employee Y,0.00,Yes,No
12/4/2022,dinner,employee S,0.00,No,Yes
12/5/2022,lunch,employee A,57.21,No,No
12/5/2022,dinner,employee J,100.40,No,No
12/5/2022,dinner,employee A,66.94,No,No
12/6/2022,lunch,employee A,96.57,No,No
12/6/2022,dinner,employee A,24.27,No,No
12/6/2022,dinner,employee J,72.81,No,No
12/6/2022,dinner,employee Y,72.81,No,No
12/7/2022,lunch,employee A,92.78,No,No
12/7/2022,dinner,employee J,78.41,No,No
12/7/2022,dinner,employee Z,0.00,Yes,No
12/8/2022,lunch,employee L,71.06,No,No
12/8/2022,dinner,employee J,54.52,No,No
12/8/2022,dinner,employee Y,54.52,No,No
12/8/2022,dinner,employee X,54.52,No,No
12/9/2022,lunch,employee L,37.95,No,No
12/9/2022,lunch,employee W,54.21,No,No
12/9/2022,dinner,employee L,71.65,No,No
12/9/2022,dinner,employee Y,71.65,No,No
12/9/2022,dinner,employee X,63.68,No,No
12/10/2022,lunch,employee L,74.79,No,No
12/10/2022,lunch,employee W,58.76,No,No
12/10/2022,lunch,employee S,32.05,No,No
12/10/2022,dinner,employee L,25.71,No,No
12/10/2022,dinner,employee J,57.84,No,No
12/10/2022,dinner,employee X,57.84,No,No
12/11/2022,lunch,employee L,59.31,No,No
12/11/2022,lunch,employee W,59.31,No,No
12/11/2022,lunch,employee Y,59.31,No,No
12/11/2022,dinner,employee X,78.53,No,No
12/11/2022,dinner,employee S,78.53,No,No
12/12/2022,lunch,employee W,86.86,No,No
12/12/2022,dinner,employee J,70.81,No,No
12/12/2022,dinner,employee X,59.01,No,No
12/12/2022,dinner,employee Z,0.00,Yes,No
12/13/2022,lunch,employee W,54.42,No,No
12/13/2022,dinner,employee J,40.74,No,No
12/13/2022,dinner,employee Y,40.74,No,No
12/13/2022,dinner,employee X,27.16,No,No
12/14/2022,lunch,employee Y,83.28,No,No
12/14/2022,dinner,employee J,25.45,No,No
12/14/2022,dinner,employee X,22.62,No,No
12/14/2022,dinner,employee S,8.76,No,No
12/15/2022,lunch,employee L,87.14,No,No
12/15/2022,dinner,employee J,62.37,No,No
12/15/2022,dinner,employee Y,20.79,No,No
12/15/2022,dinner,employee X,62.37,No,No
12/16/2022,lunch,employee W,107.10,No,No
12/16/2022,dinner,employee J,78.35,No,No
12/16/2022,dinner,employee X,78.35,No,No
12/16/2022,dinner,employee Z,0.00,Yes,No
12/17/2022,lunch,employee W,110.12,No,No
12/17/2022,lunch,employee Y,137.65,No,No
12/17/2022,dinner,employee J,42.46,No,No
12/17/2022,dinner,employee Y,37.16,No,No
12/17/2022,dinner,employee X,47.77,No,No
12/18/2022,lunch,employee W,66.76,No,No
12/18/2022,lunch,employee Y,46.87,No,No
12/18/2022,lunch,employee J,21.46,No,No
12/18/2022,dinner,employee Y,31.22,No,No
12/18/2022,dinner,employee J,46.83,No,No
12/18/2022,dinner,employee X,36.42,No,No
12/19/2022,lunch,employee W,118.21,No,No
12/19/2022,dinner,employee J,87.99,No,No
12/19/2022,dinner,employee Z,98.99,No,No
12/19/2022,dinner,employee X,54.99,No,No
12/20/2022,lunch,employee W,122.33,No,No
12/20/2022,dinner,employee J,46.80,No,No
12/20/2022,dinner,employee Y,41.60,No,No
12/20/2022,dinner,employee X,31.20,No,No
12/21/2022,lunch,employee W,66.07,No,No
12/21/2022,dinner,employee J,53.34,No,No
12/21/2022,dinner,employee Z,32.60,No,No
12/22/2022,lunch,employee L,100.30,No,No
12/22/2022,dinner,employee J,38.53,No,No
12/22/2022,dinner,employee Y,34.25,No,No
11/22/2022,dinner,employee ZA,0.00,Yes,No
12/23/2022,lunch,employee Y,46.91,No,No
12/23/2022,dinner,employee Y,184.36,No,No
12/23/2022,dinner,employee ZA,0.00,Yes,No
12/24/2022,lunch,employee J,31.74,No,No
12/24/2022,lunch,employee Y,31.74,No,No
12/24/2022,dinner,employee W,39.27,No,No
12/26/2022,lunch,employee W,175.98,No,No
12/26/2022,dinner,employee W,74.48,No,No
12/26/2022,dinner,employee Z,74.48,No,No
12/27/2022,lunch,employee W,62.68,No,No
12/27/2022,dinner,employee J,77.10,No,No
12/27/2022,dinner,employee Y,77.10,No,No
12/27/2022,dinner,employee ZA,0.00,Yes,No
12/28/2022,lunch,employee J,49.81,No,No
12/28/2022,dinner,employee J,38.09,No,No
12/28/2022,dinner,employee X,33.86,No,No
12/28/2022,dinner,employee S,19.05,No,No
12/29/2022,lunch,employee W,105.08,No,No
12/29/2022,dinner,employee J,29.54,No,No
12/29/2022,dinner,employee ZA,29.54,No,No
12/29/2022,dinner,employee X,24.61,No,No
12/30/2022,lunch,employee W,69.87,No,No
12/30/2022,dinner,employee J,41.93,No,No
12/30/2022,dinner,employee ZA,41.93,No,No
12/30/2022,dinner,employee X,41.93,No,No
12/31/2022,lunch,employee J,50.25,No,No
12/31/2022,lunch,employee Y,50.25,No,No
12/31/2022,dinner,employee W,57.29,No,No
12/31/2022,dinner,employee S,49.11,No,No